{
  "final_val": {
    "acc": 0.9466666666666667,
    "f1": 0.9230769230769231,
    "auc": 0.9556992802956623,
    "brier": 0.04737808182835579,
    "ece": 0.03326256364583969,
    "loss": 0.2281174138188362
  },
  "final_test_iid": {
    "acc": 0.942,
    "f1": 0.9173789173789174,
    "auc": 0.9704045757464448,
    "brier": 0.04709206521511078,
    "ece": 0.021812379371374844,
    "loss": 0.19217918068170547
  },
  "final_test_shift": {
    "acc": 0.918,
    "f1": 0.8825214899713467,
    "auc": 0.9708243689982684,
    "brier": 0.05814036726951599,
    "ece": 0.022172174260020255,
    "loss": 0.20770704746246338
  },
  "final_best_epoch": 7
}