config,val_auc_mean,val_auc_std,val_f1_mean,test_iid_auc_mean,test_iid_f1_mean,test_shift_auc_mean,test_shift_f1_mean,robust_gap_auc_mean
alta_capacidade,0.9813541830648406,0.0013744935059297352,0.9331932846304792,0.9674427011363571,0.9188752852325881,0.9687079113536582,0.9041733100048068,-0.0012652102173012676
baseline,0.9756869741652237,0.0011572108171641667,0.9126246929980225,0.9645449616064088,0.9162357382408951,0.9657518672054014,0.8960006773572519,-0.0012069055989925397
regularizada,0.9683930664147907,0.0006844028457264743,0.9039424620995619,0.9581897582107479,0.904746071374695,0.9599972013783212,0.8950591116763223,-0.0018074431675733453
